Keyword,Location,Company name,Category,Website,Phone,Email 1,Email 2,Email 3,Lat,Long,Address,City,State,Pincode,Rating count,Review,Cid
Digital signage manufacturer,India,Anant Enterprises,Medical book store,http://www.anantent.com/,020 2442 3598,,,,,,"235/B-2, Paresh Apartments, Parvati, behind Bank Of Maharashtra, Pune, Maharashtra 411009",Pune,Maharashtra,411009,8,"Rated 4.9 out of 5,",https://maps.google.com/?cid=5976078526582957150
Digital signage manufacturer,India,Brandstorm - one stop solution for all your printing and signage manufacturing work,Print shop,https://brandstormindia.com/,,,,,,,"Ashoka Plaza, O-105, Nagar Rd, adjoining IBIS Hotel, near Hyatt Regency, Pune, Maharashtra 411014",Pune,Maharashtra,411014,106,"Rated 3.7 out of 5,",https://maps.google.com/?cid=3701745790936734972
Digital signage manufacturer,India,LED SIGN BOARD Manufacturers,Neon sign shop,https://led-sign-board-manufacturers-neon-sign-shop.business.site/?utm_source=gmb&utm_medium=referral,087969 68701,,,,,,"1/13, Mukund Nagar, Pune, Maharashtra 411037",Pune,Maharashtra,411037,46,"Rated 4.8 out of 5,",https://maps.google.com/?cid=8578037958216202273
Digital signage manufacturer,India,Orchid Digitals,Print shop,https://orchiddigitals.com/,098232 39793,,,,,,"Balgandharva Bridge, Off, 278 Shop 1, 2, 3, Raj Restaurant Shripad Apartments, Omkareshwar Chowk, Shaniwar Peth, Pune, Maharashtra 411030",Pune,Maharashtra,411030,549,"Rated 4.8 out of 5,",https://maps.google.com/?cid=7097869877203112640
Digital signage manufacturer,India,ASD Advertising - LED Board Manufacturer & Flex Printing,Print shop,,,,,,,,"shop No 1 near apollo tyres Hinjawadi Road, Dange Chowk Rd, Kala Khadak, Wakad, Pune, Maharashtra 411057",Pimpri-Chinchwad,Maharashtra,411057,14,"Rated 4.7 out of 5,",https://maps.google.com/?cid=17296034201330218157
Digital signage manufacturer,India,ASTii Displays Private Limited,Technical service,http://astii.in/,093344 59000,,,,,,"C901, Woodsville Phase, 3, Laxman Sadashiv Alhar Marg, Moshi, Pune, Maharashtra 412105",Pimpri-Chinchwad,Maharashtra,412105,,"Rated 5.0 out of 5,",https://maps.google.com/?cid=6823921220579249830
Digital signage manufacturer,India,KK Neon Signs,Sign shop,,093720 60680,,,,,,"Near Vithal Mandir, Parvati, Janta Vasahat, Jai Bhawani Nagar, Swargate, Pune, Maharashtra 411009",Pune,Maharashtra,411009,4,"Rated 4.5 out of 5,",https://maps.google.com/?cid=4844238536842549569
Digital signage manufacturer,India,SignagEx.in,Advertising agency,http://www.signagex.in/,099693 82878,,,,,,"Weight Bridge, Gala No. 50, Second Floor Gami Industrial Park, opposite Pawane, MIDC Industrial Area, Pawne, Navi Mumbai, Maharashtra 400705",Navi Mumbai,Maharashtra,400705,7,"Rated 4.3 out of 5,",https://maps.google.com/?cid=9046160028967306954
Digital signage manufacturer,India,Siddhesh Enterprises Media & Events,Digital printing service,https://siddheshenterprise.com/,,,,,,,"39, 15/1-1, Manik Baug, Anand Nagar, Pune, Maharashtra 411051",Pune,Maharashtra,411051,4,"Rated 5.0 out of 5,",https://maps.google.com/?cid=6285086228561457827
Digital signage manufacturer,India,Digital Signage Networks India Pvt. Ltd.,Corporate office,,022 4921 4921,,,,,,"205 Kewal Industrial Estate, S. B. Marg, Lower Parel, Mumbai, Maharashtra 400013",,,400013,,,https://maps.google.com/?cid=2644161458982371747
Digital signage manufacturer,India,EGSIGN - Electrographics Sign Pvt. Ltd.,Manufacturer,http://www.egsign.co/,098922 55066,,,,,,"834, New Link Rd, opp. Gujrati Marriage Hall, Adarsh Nagar, Jogeshwari West, W, Maharashtra 400102",Mumbai,Maharashtra,400102,26,"Rated 4.7 out of 5,",https://maps.google.com/?cid=4013943672928079423
Digital signage manufacturer,India,Xtreme Media,Audio visual equipment supplier,http://www.xtreme-media.com/,075066 66067,,,,,,"B/29-31 - C/28-29, Shri Ram Industrial Estate, Opp. Udyog Bhavan, GD Ambekar Marg, Wadala, Mumbai, Maharashtra 400031",Mumbai,Maharashtra,400031,95,"Rated 4.1 out of 5,",https://maps.google.com/?cid=1692853486075379651
Digital signage manufacturer,India,Creative Sign India,Digital printing service,http://creativesignindia.in/,022 2676 2872,,,,,,"A/14, Singh Ind. Estate, 1, Shri Ram Mandir Rd, near Movie Star, Goregaon West, Mumbai, Maharashtra 400104",Mumbai,Maharashtra,400104,25,"Rated 5.0 out of 5,",https://maps.google.com/?cid=13341533738415147304
Digital signage manufacturer,India,Technik India,Electronics company,http://technikindia.in/,097300 65208,,,,,,"B13, Aditya Nagar, Hanuman Mandir Lane, Gadital, Hadapsar, Pune, Maharashtra 411028",Pune,Maharashtra,411028,4,"Rated 5.0 out of 5,",https://maps.google.com/?cid=9250707608994601019
Digital signage manufacturer,India,Bitsy Digital Display Solutions,Audio visual consultant,http://www.bitsydisplays.com/,099303 73760,,,,,,"Shop No.1, Ground Floor, Moksh Plaza Mall Jambli Gully Junction, SV Rd, Borivali West, Mumbai, Maharashtra 400092",Mumbai,Maharashtra,400092,173,"Rated 4.9 out of 5,",https://maps.google.com/?cid=5423850322493255944
Digital signage manufacturer,India,Signext Display Systems (Pune Office),Sign shop in Maharashtra,http://www.signextdisplay.com/,091672 72382,,,,,,"Signext Display Systems (Pune Office Survey 129/2, Mumbai - Bangalore Highway, behind Hotel SaiDarbar, near JSPM College, Tathawade, Pune, Maharashtra 411033",,,411033,,,https://maps.google.com/?cid=1303747055796672576
Digital signage manufacturer,India,KANHA DIGITAL,Print shop,http://www.kanhadigital.com/,097673 35101,,,,,,"1st Floor, Katraj - Kondhwa Rd, near Divanji Society, Katraj, Pune, Maharashtra 411046",Pune,Maharashtra,411046,9,"Rated 5.0 out of 5,",https://maps.google.com/?cid=1134097412729069345
Digital signage manufacturer,India,Banner Ad India,Advertising agency,http://www.banneradindia.com/,022 2878 3838,,,,,,"Banner House, Motilal nagar No - 2, off, Mahatma Gandhi Rd, opp. Dutt Mandir, Goregaon West, Mumbai, Maharashtra 400090",Mumbai,Maharashtra,400090,30,"Rated 3.8 out of 5,",https://maps.google.com/?cid=10314761146426442608
Digital signage manufacturer,India,Aero Sign,Advertising agency,http://www.aerosign.co/,098339 96182,,,,,,"Tirthraj Bhuwal Chawl, SV Rd, near Taheri Stores, Jogeshwari West, Mumbai, Maharashtra 400102",Mumbai,Maharashtra,400102,5,"Rated 5.0 out of 5,",https://maps.google.com/?cid=9787200169134571200
Digital signage manufacturer,India,Anugrah Arts Pvt. Ltd.,Advertising agency,http://www.anugraharts.net/,099607 27705,,,,,,"Sr. No. 25/1A, 6, Vishal Nagar, Pimple Nilakh, Pune, Maharashtra 411027",Pimpri-Chinchwad,Maharashtra,411027,22,"Rated 4.0 out of 5,",https://maps.google.com/?cid=11043143736672739211
Digital signage manufacturer,India,Retail Signs by signs360® India - signage. across the globe.,Sign shop,https://signs360.in/,086000 00789,,,,,,"188/EE, Dada Saheb Phalke Marg, next to Khatri Masjid, Dadar East, Mumbai, Maharashtra 400014",Mumbai,Maharashtra,400014,10,"Rated 5.0 out of 5,",https://maps.google.com/?cid=15361640864458208449
Digital signage manufacturer,India,Advaxo Sign,Event management company,,082917 40648,,,,,,"Plot No.34, Services Industrial, Sector 1, Shiravane, Nerul, Navi Mumbai, Maharashtra 400706",Navi Mumbai,Maharashtra,400706,21,"Rated 4.8 out of 5,",https://maps.google.com/?cid=6009359129421780995
Digital signage manufacturer,India,AV LASERcrafts™ - Sign Boards & Aluminium Composite Panel Work,Sign shop,https://avlasercrafts.com/,090677 88666,,,,,,"Shop No. 2,3, Khushbu sagar apt., Behind shubham hotel, near VJ honda showroom, Badlapur, Maharashtra 421503",Badlapur,Maharashtra,421503,750,"Rated 4.9 out of 5,",https://maps.google.com/?cid=17281304340780954150
Digital signage manufacturer,India,Sharp Sign,Sign shop,http://www.sharpsign.biz/,099797 56565,,,,,,"MANIAR COMPOUND, South Zone Office Road, beside Sarvottam Restaurant, Gujarat 394210",Surat,Gujarat,394210,30,"Rated 4.6 out of 5,",https://maps.google.com/?cid=16094562024801667782
Digital signage manufacturer,India,SIGNAGE INDIA,Neon sign shop,http://www.galaxysignage.com/,099994 60724,,,,,,"Hero Honda Chowk Flyover, Pace City I, Sector 37, Gurugram, Haryana 122001",Gurgaon,Haryana,122001,47,"Rated 5.0 out of 5,",https://maps.google.com/?cid=15404681155887518299
Digital signage manufacturer,India,Led signboard manufacturers,Manufacturer,http://www.neonworld.co.in/,093203 22915,,,,,,"B-31/103, Branch bhayandar, Dahisar East, Mumbai, Maharashtra 400068",Mumbai,Maharashtra,400068,17,"Rated 4.5 out of 5,",https://maps.google.com/?cid=13727661394197030387
Digital signage manufacturer,India,"LED Sign Board, Hospital Signage Manufacturers in Hyderabad - AAA Business Solutions India Pvt.Ltd",Sign shop,http://www.aaabusinesssolutions.net/?utm_source=local&utm_medium=orgranic&utm_campaign=gmb,090104 00019,,,,,,"Plot No: 165, Navodaya Industrial Estate, adj. to Phase V, Cherlapalli, Hyderabad, Telangana 500051",Hyderabad,Telangana,500051,39,"Rated 4.2 out of 5,",https://maps.google.com/?cid=14623064073912386956
Digital signage manufacturer,India,Sachin Sign Craft,Neon sign shop,http://www.sachinsigncraft.in/,080078 88788,,,,,,"Ambajogai Rd, behind Vrinda Hotel, Bisen Nagar, New Renapur Naka, Latur, Maharashtra 413512",Latur,Maharashtra,413512,39,"Rated 4.6 out of 5,",https://maps.google.com/?cid=18398605961995811550
Digital signage manufacturer,India,Saya - Digital Signage Software Solutions,Software company,,088849 85576,,,,,,"Suite 2, Amara Jyothi, Plot No 502B, Road Number 31, Jubilee Hills, Hyderabad, Telangana 500033",Hyderabad,Telangana,500033,,,https://maps.google.com/?cid=18338892983158628802
Digital signage manufacturer,India,SIGN STUDIO India - Signage Makers Company | LED Sign boards | Directional Sign Board | Name Plates | Hubli | North Karnataka,Sign shop,https://signstudioindia.com/?utm_source=GMB&utm_medium=Organic&utm_campaign=GMB1&utm_term=Signstudioindia&utm_content=Sign%20Studio%20Hubli%20-%20Signage%20Company%20%7C%20LED%20Sign%20board%20%7C%20ACP%20Paneling%20%7C%20CNC%20Jalli%20%7C%20Laser%20cutting%20Services%20%7C%20Main%20Sign%20%7C%20Highway%20%7C%20House%20%7C%20Poly%20%7C%20Directional%20%7C%20Sky%20%7C%20Reception%20%7C%20Directional%20Sign%20Board%20%7C%20Manufacturers%20%7C%20North%20Karnataka,097003 07003,,,,,,"2nd Gate industrial Estate Gokul Road Hubli Hubali, Karnataka 580030",Hubli,Karnataka,580030,76,"Rated 4.8 out of 5,",https://maps.google.com/?cid=18195916283615993088
Digital signage manufacturer,India,House Name Plate India,Sign shop,https://housenameplate.in/,,,,,,,"FRV8+66R, Mavale Basti, Hingne Budrukh, Karve Nagar, Pune, Maharashtra 411052",Pune,Maharashtra,411052,11,"Rated 4.1 out of 5,",https://maps.google.com/?cid=7469529987719433713
Digital signage manufacturer,India,Xtreme Media Digital Signage,Software company,http://www.xtreme-media.com/,088005 28811,,,,,,"18-C, MR 9 Rd, behind Amarvilas Hotel, Chandra Nagar, Indore, Madhya Pradesh 452010",Indore,Madhya Pradesh,452010,,"Rated 5.0 out of 5,",https://maps.google.com/?cid=1333475156144735173
Digital signage manufacturer,India,"Classic Digital India - Digital, Flex, Vinyl Printing Company in Thane India",Digital printing service,http://classicdigitalindia.com/,098331 20507,,,,,,"A- 213 & 218 , Second Floor, Amar Gian Co-Operative Premises Society Limited, Lal Bahadur Shastri Rd, opp. S.T. Stand, Khopat, Thane, Maharashtra 400601",Thane,Maharashtra,400601,16,"Rated 4.8 out of 5,",https://maps.google.com/?cid=618260844871557403
Digital signage manufacturer,India,Sushant Industries,Sign shop in Karnataka,http://www.mysushant.com/,072596 17870,,,,,,"Sushant Building, 537, Belur Industrial Area, Karnataka 580011",,,580011,35,"Rated 5.0 out of 5,",https://maps.google.com/?cid=7680742894674044973
Digital signage manufacturer,India,Jarma Technologies LLP,Software company,http://www.jarma.co.in/,091379 85009,,,,,,"303, Brahans Business Park, Paperbox road, Off, Mahakali Caves Rd, Andheri East, Mumbai, Maharashtra 400053",Mumbai,Maharashtra,400053,2,"Rated 4.0 out of 5,",https://maps.google.com/?cid=14768729529424983901
Digital signage manufacturer,India,Scala India - Digital Signage Hardware & Software Company,Software company,http://www.scala.com/in,,,,,,,"Phoenix Towers, Suite G02, #16, Museum Rd, Bengaluru, Karnataka 560001",Bengaluru,Karnataka,560001,2,"Rated 5.0 out of 5,",https://maps.google.com/?cid=17962649220717923341
Digital signage manufacturer,India,Truelink Media: Innovative Digital Signage Solution,Manufacturer,http://www.truelinkmedia.com/,070163 64346,,,,,,"24, Raghuvir Estate, kotharichowk, Santej, Gujarat 382721",Santej,Gujarat,382721,,"Rated 5.0 out of 5,",https://maps.google.com/?cid=3558791583134024824
Digital signage manufacturer,India,Raju Painter,Neon sign shop,http://www.rajupainter.com/,070417 77701,,,,,,"36-37 Tribhuvan nagar SOC., Ved Rd, opp. akhand Anand school, Surat, Gujarat 395004",Surat,Gujarat,395004,87,"Rated 4.6 out of 5,",https://maps.google.com/?cid=6040806012919958505
Digital signage manufacturer,India,AV LASERcrafts™ - Sign Boards & Aluminium Composite Panel Work,Sign shop,https://avlasercrafts.com/,091522 88666,,,,,,"Shop No.C-5, Shree Sharda Sneh Apt, Karanjade Bridge Uran Naka Road, Old Panvel, Panvel, Navi Mumbai, Maharashtra 410206",Navi Mumbai,Maharashtra,410206,123,"Rated 5.0 out of 5,",https://maps.google.com/?cid=5959559234685179803
Digital signage manufacturer,India,JASRA - Digital Signage Solution Pvt. Ltd.,Software company,,096760 78462,,,,,,"16-11-19/9/D, Shanta Heights 4th Floor, Above Pizza Hut, Opp TV Tower,, Saleem nager, New Malakpet, Hyderabad, Telangana 500036",Hyderabad,Telangana,500036,2,"Rated 3.0 out of 5,",https://maps.google.com/?cid=1738089074947322529
Digital signage manufacturer,India,Xynage - Enterprise Digital Signage Solutions,,https://www.xynage.io/,099798 71019,,,,,,,,,,,"Rated 5.0 out of 5,",https://maps.google.com/?cid=418127545662273107
Digital signage manufacturer,India,RACHNA GRAPHICS,Digital printer,http://rachnagraphics.com/,093260 12760,,,,,,"2, Model's Exotica, No. 8, Mezannaine, St Inez Rd, near PWD Office, Panaji, Goa 403001",Panaji,Goa,403001,15,"Rated 4.5 out of 5,",https://maps.google.com/?cid=5910070973154309600
Digital signage manufacturer,India,Elpro Technologies,Computer hardware manufacturer,https://elprotech.in/,080 4800 2586,,,,,,"32,Muneshwara B Block, Mattadahalli, RT Nagar, Bengaluru, Karnataka 560032",Bengaluru,Karnataka,560032,80,"Rated 4.8 out of 5,",https://maps.google.com/?cid=10851850560813514016
Digital signage manufacturer,India,Led Signage Manufacturers,,,,,,,,,"125, Phase 2, Hari Nagar Ashram, New Delhi, Delhi 110014",,,110014,,,https://maps.google.com/?cid=8388929672812480535
Digital signage manufacturer,India,Leading Printing & Signage Manufacturers - Lakshya Signages,Corporate office,https://lakshyasignages.com/,098188 07979,,,,,,"J-18, near Euphoria Banquet Hall, Peera Garhi, Udyog Nagar, Industrial Area, Delhi, 110041",,,110041,27,"Rated 3.4 out of 5,",https://maps.google.com/?cid=1978005271744076424
Digital signage manufacturer,India,Firstdigitals,Digital printing service,https://www.firstdigitals.in/,099482 22400,,,,,,"Plot No 6A, Opp. Burfighar, Sri Ram Nagar, Kondapur, Hyderabad, Telangana 500080",Hyderabad,Telangana,500080,,,https://maps.google.com/?cid=16310800218185330619
Digital signage manufacturer,India,Hitech Vision - LED Sign Board Manufacturers in Chennai,Neon sign shop,https://hitechvision.in/,,,,,,,"New No. 124, Old No.45, Appu Street, Mylapore, Chennai, Tamil Nadu 600004",Chennai,Tamil Nadu,600004,58,"Rated 4.3 out of 5,",https://maps.google.com/?cid=15101026825847584468
Digital signage manufacturer,India,TouchSign,Manufacturer,http://www.touchsign.co.in/,090030 11048,,,,,,"No 7/494, 1st Floor, Velachery Main Road, Next to Medavakkam Bus Terminal, Medavakkam, Chennai, Tamil Nadu 600100",Chennai,Tamil Nadu,600100,2,"Rated 5.0 out of 5,",https://maps.google.com/?cid=11771599326059823826
Digital signage manufacturer,India,Nilkanth Flex banner,Advertising agency,http://jsdl.in/EL-11E6QAQMYUE,097269 23164,,,,,,"A-312, Pushp Business Campus, Nr. Domino's Pizza, S.P.Ring Road, cross, road, Vastral, Ahmedabad, Gujarat 382418",Ahmedabad,Gujarat,382418,72,"Rated 4.8 out of 5,",https://maps.google.com/?cid=1411824010557247932
Digital signage manufacturer,India,"BL Signage ( LED Display Board, Road Signage Board, Traffic Sign Board )",Electronics manufacturer in New Delhi,http://www.blsignage.tradeindia.com/,098105 14944,,,,,,"Plot No L-1st, 447/8, Budh Bazar,Sangam Vihar, near Sangwan Barat Ghar, New Delhi, Delhi 110005",,,110005,4,"Rated 4.8 out of 5,",https://maps.google.com/?cid=17675802579193545337
Digital signage manufacturer,India,Osel Technology Pvt. Ltd.,Manufacturer in Uttar Pradesh,https://www.oseltech.com/,1800 890 4398,,,,,,"Signature Tower First Floor, Plot No 3 Sector, Knowledge Park III, Greater Noida, Uttar Pradesh 201308",,,201308,9,"Rated 5.0 out of 5,",https://maps.google.com/?cid=16710739454096558430
Digital signage manufacturer,India,DISPLAYFORT,Audio visual equipment supplier,https://www.displayfort.com/,074899 30931,,,,,,"21-BC, Meera Path, Dhenu Market, Indore, Madhya Pradesh 452003",Indore,Madhya Pradesh,452003,12,"Rated 4.7 out of 5,",https://maps.google.com/?cid=7299864406388050811
Digital signage manufacturer,India,Sunray technology,Sign shop,http://www.sunraytechnology.in/,080 3743 1208,,,,,,"SUMEL BUSINESS PARK-6, C-311-12, Dudheshwar Rd, sahibugh, Gujarat 380004",Ahmedabad,Gujarat,380004,5,"Rated 4.8 out of 5,",https://maps.google.com/?cid=14778390305197118323
Digital signage manufacturer,India,SignTrade,Print shop in Tamil Nadu,http://www.signtrade.in/,073581 11332,,,,,,"Old No-7, New No-31/2, Chakrapani 2nd street, near Race Couse, Maduvinkarai, Guindy, Chennai, Tamil Nadu 600032",,,600032,318,"Rated 4.5 out of 5,",https://maps.google.com/?cid=6482768148480296841
Digital signage manufacturer,India,"Esskay Advertising, Designing, Printing, Graphic Designing In Nagpur India",Advertising agency,https://vidarbhads.com/Nagpur/esskay-advertising,,,,,,,"Math Mohalla, near Nalanda Vastu Behind ITI, Indora, Nagpur, Maharashtra 440004",Nagpur,Maharashtra,440004,,"Rated 5.0 out of 5,",https://maps.google.com/?cid=10356030692587609400
Digital signage manufacturer,India,Signages Solutions,Sign shop in New Delhi,http://signagessolutions.com/,098734 76008,,,,,,"8145, 8, Gali Number 7, Multani Dhanda, Paharganj, New Delhi, Delhi 110055",,,110055,13,"Rated 4.1 out of 5,",https://maps.google.com/?cid=725343593386005073
Digital signage manufacturer,India,Sign For Safety India Pvt Ltd,Medical equipment supplier,http://signforsafety.com/,087796 72202,,,,,,"20, Laxman Gana Mukadam Marg, Sector 19, CBD Belapur, Navi Mumbai, Maharashtra 400614",Navi Mumbai,Maharashtra,400614,759,"Rated 4.9 out of 5,",https://maps.google.com/?cid=4855379363019744348
Digital signage manufacturer,India,Firoz Arts,Print shop,,,,,,,,"Allauddin Empire, Main Rd, Shirwal, Maharashtra 412801",Shirwal,Maharashtra,412801,3,"Rated 5.0 out of 5,",https://maps.google.com/?cid=13616084872473095207
Digital signage manufacturer,India,The Idea Factory,Advertising agency,http://www.theideafactory.co.in/,097820 01144,,,,,,"13-C, Brijpuri, Mahal Road, opposite Union Bank of India, Jagatpura, Jaipur, Rajasthan 302017",Jaipur,Rajasthan,302017,18,"Rated 4.3 out of 5,",https://maps.google.com/?cid=390098204018831133
Digital signage manufacturer,India,Digital Arts Printing Solutions,Print shop in Maharashtra,http://www.digitalarts.net.in/,,,,,,,"Nr D Mart, Shop no2 Sheetal Height, Vasai Link Road Fire Brigade Lane, railway trk, Vasai-Virar, Maharashtra 401208",,,401208,4,"Rated 4.8 out of 5,",https://maps.google.com/?cid=15069897571835787053
Digital signage manufacturer,India,Visiontech Systems,Electronics manufacturer,http://www.visiontechsystem.com/,080 4875 5119,,,,,,"50/4, Puttanna Rd, Basavanagudi, Bengaluru, Karnataka 560004",Bengaluru,Karnataka,560004,,"Rated 4.0 out of 5,",https://maps.google.com/?cid=17567768704762648299
Digital signage manufacturer,India,Budget Signs Baddi,Sign shop,http://www.budgetsigns.co.in/,022 2854 7886,,,,,,"XQ7X+HJH, Baddi, Himachal Pradesh 173205",Baddi,Himachal Pradesh,173205,34,"Rated 4.2 out of 5,",https://maps.google.com/?cid=11237212900503114577
Digital signage manufacturer,India,Buzz Makers - Digital Marketing Agency,Advertising agency,http://www.buzzmakers.in/,098903 93090,,,,,,"Gundecha Industrial Estate, Akurli Rd, next to Growel 101 Mall, Kandivali, Akurli Industry Estate, Kandivali East, Mumbai, Maharashtra 400101",Mumbai,Maharashtra,400101,17,"Rated 4.7 out of 5,",https://maps.google.com/?cid=8349110127377292402
